"mainheader";"language"
"Wir erheben Informationen, um all unseren Nutzern bessere Dienste zur VerfÃ¼gung zu stellen â€“ von der Feststellung grundlegender Aspekte wie zum Beispiel der Sprache, die Sie sprechen, bis hin zu komplexeren Angelegenheiten wie zum Beispiel der Werbung, die Sie besonders nÃ¼tzlich finden, oder der Personen, die Ihnen online am wichtigsten sind.";"de"
"Wir erfassen Informationen, um allen unseren Nutzern bessere Dienste zur VerfÃ¼gung zu stellen â€“ von der Feststellung grundlegender Aspekte wie zum Beispiel der Sprache, die Sie sprechen, bis hin zu komplexeren Fragen wie zum Beispiel der";"de"
"Wir erfassen Informationen, um allen unseren Nutzern bessere Dienste zur VerfÃ¼gung zu stellen â€“ von der Feststellung grundlegender Aspekte wie zum Beispiel der Sprache, die Sie sprechen, bis hin zu komplexeren Fragen wie zum Beispiel der";"de"
"Wir erfassen Informationen, um allen unseren Nutzern bessere Dienste zur VerfÃ¼gung zu stellen â€“ von der Feststellung grundlegender Aspekte wie zum Beispiel der Sprache, die Sie sprechen, bis hin zu komplexeren Fragen wie zum Beispiel der";"de"
"Wir erfassen Informationen, um allen unseren Nutzern bessere Dienste zur VerfÃ¼gung zu stellen â€“ von der Feststellung grundlegender Aspekte wie zum Beispiel der Sprache, die Sie sprechen, bis hin zu komplexeren Fragen wie zum Beispiel der";"de"
"Wir erheben Informationen, um all unseren Nutzern bessere Dienste zur VerfÃ¼gung zu stellen â€“ von der Feststellung grundlegender Aspekte wie zum Beispiel der Sprache, die Sie sprechen, bis hin zu komplexeren Angelegenheiten wie zum Beispiel der Werbung, die Sie besonders nÃ¼tzlich finden, oder der Personen, die Ihnen online am wichtigsten sind.";"de"
"Wir erfassen Informationen, um allen unseren Nutzern bessere Dienste zur VerfÃ¼gung zu stellen â€“ von der Feststellung grundlegender Aspekte wie zum Beispiel der Sprache, die Sie sprechen, bis hin zu komplexeren Fragen wie zum Beispiel der";"de"
"Wir erfassen Informationen, um allen unseren Nutzern bessere Dienste zur VerfÃ¼gung zu stellen â€“ von der Feststellung grundlegender Aspekte wie zum Beispiel der Sprache, die Sie sprechen, bis hin zu komplexeren Fragen wie zum Beispiel der";"de"
"Wir erheben Informationen, um all unseren Nutzern bessere Dienste zur VerfÃ¼gung zu stellen â€“ von der Feststellung grundlegender Aspekte wie zum Beispiel der Sprache, die Sie sprechen, bis hin zu komplexeren Angelegenheiten wie zum Beispiel der Werbung, die Sie besonders nÃ¼tzlich finden, oder der Personen, die Ihnen online am wichtigsten sind.";"de"
"Wir erfassen Informationen, um allen unseren Nutzern bessere Dienste zur VerfÃ¼gung zu stellen â€“ von der Feststellung grundlegender Aspekte wie zum Beispiel der Sprache, die Sie sprechen, bis hin zu komplexeren Fragen wie zum Beispiel der";"de"
"Wir erfassen Informationen, um allen unseren Nutzern bessere Dienste zur VerfÃ¼gung zu stellen â€“ von der Feststellung grundlegender Aspekte wie zum Beispiel der Sprache, die Sie sprechen, bis hin zu komplexeren Fragen wie zum Beispiel der";"de"
"Wir erfassen Informationen, um allen unseren Nutzern bessere Dienste zur VerfÃ¼gung zu stellen â€“ von der Feststellung grundlegender Aspekte wie zum Beispiel der Sprache, die Sie sprechen, bis hin zu komplexeren Fragen wie zum Beispiel der";"de"
"Wir erfassen Informationen, um allen unseren Nutzern bessere Dienste zur VerfÃ¼gung zu stellen â€“ von der Feststellung grundlegender Aspekte wie zum Beispiel der Sprache, die Sie sprechen, bis hin zu komplexeren Fragen wie zum Beispiel der";"de"
"Wir erfassen Informationen, um allen unseren Nutzern bessere Dienste zur VerfÃ¼gung zu stellen â€“ von der Feststellung grundlegender Aspekte wie zum Beispiel der Sprache, die Sie sprechen, bis hin zu komplexeren Fragen wie zum Beispiel der";"de"
"Wir erfassen Informationen, um allen unseren Nutzern bessere Dienste zur VerfÃ¼gung zu stellen â€“ von der Feststellung grundlegender Aspekte wie zum Beispiel der Sprache, die Sie sprechen, bis hin zu komplexeren Fragen wie zum Beispiel der";"de"
"Wir erheben Informationen, um all unseren Nutzern bessere Dienste zur VerfÃ¼gung zu stellen â€“ von der Feststellung grundlegender Aspekte wie zum Beispiel der Sprache, die Sie sprechen, bis hin zu komplexeren Angelegenheiten wie zum Beispiel der Werbung, die Sie besonders nÃ¼tzlich finden, oder der Personen, die Ihnen online am wichtigsten sind.";"de"
"Wir erfassen Informationen, um allen unseren Nutzern bessere Dienste zur VerfÃ¼gung zu stellen â€“ von der Feststellung grundlegender Aspekte wie zum Beispiel der Sprache, die Sie sprechen, bis hin zu komplexeren Fragen wie zum Beispiel der";"de"
"We verzamelen gegevens om betere services te kunnen leveren aan al onze gebruikers, van het vaststellen van basisinformatie, zoals de taal die u spreekt, tot meer complexe dingen, zoals";"nl"
"We verzamelen gegevens om betere services te kunnen leveren aan al onze gebruikers, van het vaststellen van basisinformatie, zoals de taal die u spreekt, tot meer complexe dingen, zoals";"nl"
"We verzamelen gegevens om betere services te kunnen leveren aan al onze gebruikers, van het vaststellen van basisinformatie, zoals de taal die u spreekt, tot meer complexe dingen, zoals";"nl"
"We verzamelen gegevens om betere services te kunnen leveren aan al onze gebruikers, van het vaststellen van basisinformatie, zoals de taal die u spreekt, tot meer complexe dingen zoals welke advertenties u het nuttigst vindt of welke mensen online het belangrijkst zijn voor u.";"nl"
"We verzamelen gegevens om betere services te kunnen leveren aan al onze gebruikers, van het vaststellen van basisinformatie, zoals de taal die u spreekt, tot meer complexe dingen, zoals";"nl"
"We verzamelen gegevens om betere services te kunnen leveren aan al onze gebruikers, van het vaststellen van basisinformatie, zoals de taal die u spreekt, tot meer complexe dingen, zoals";"nl"
"We verzamelen gegevens om betere services te kunnen leveren aan al onze gebruikers, van het vaststellen van basisinformatie, zoals de taal die u spreekt, tot meer complexe dingen, zoals";"nl"
"We verzamelen gegevens om betere services te kunnen leveren aan al onze gebruikers, van het vaststellen van basisinformatie, zoals de taal die u spreekt, tot meer complexe dingen, zoals";"nl"
"We verzamelen gegevens om betere services te kunnen leveren aan al onze gebruikers, van het vaststellen van basisinformatie, zoals de taal die u spreekt, tot meer complexe dingen, zoals";"nl"
"We verzamelen gegevens om betere services te kunnen leveren aan al onze gebruikers, van het vaststellen van basisinformatie, zoals de taal die u spreekt, tot meer complexe dingen zoals welke advertenties u het nuttigst vindt of welke mensen online het belangrijkst zijn voor u.";"nl"
"We verzamelen gegevens om betere services te kunnen leveren aan al onze gebruikers, van het vaststellen van basisinformatie, zoals de taal die u spreekt, tot meer complexe dingen, zoals";"nl"
"We verzamelen gegevens om betere services te kunnen leveren aan al onze gebruikers, van het vaststellen van basisinformatie, zoals de taal die u spreekt, tot meer complexe dingen, zoals";"nl"
"We verzamelen gegevens om betere services te kunnen leveren aan al onze gebruikers, van het vaststellen van basisinformatie, zoals de taal die u spreekt, tot meer complexe dingen zoals welke advertenties u het nuttigst vindt of welke mensen online het belangrijkst zijn voor u.";"nl"
"We verzamelen gegevens om betere services te kunnen leveren aan al onze gebruikers, van het vaststellen van basisinformatie, zoals de taal die u spreekt, tot meer complexe dingen, zoals";"nl"
"We verzamelen gegevens om betere services te kunnen leveren aan al onze gebruikers, van het vaststellen van basisinformatie, zoals de taal die u spreekt, tot meer complexe dingen, zoals";"nl"
"We verzamelen gegevens om betere services te kunnen leveren aan al onze gebruikers, van het vaststellen van basisinformatie, zoals de taal die u spreekt, tot meer complexe dingen zoals welke advertenties u het nuttigst vindt of welke mensen online het belangrijkst zijn voor u.";"nl"
"We verzamelen gegevens om betere services te kunnen leveren aan al onze gebruikers, van het vaststellen van basisinformatie, zoals de taal die u spreekt, tot meer complexe dingen zoals welke";"nl"
"Vi indsamler disse oplysninger for at give alle vores brugere nogle bedre tjenester – lige fra at regne ud, hvilket sprog du taler, til mere komplicerede ting, f.eks. hvilke";"da"
"Vi indsamler disse oplysninger for at give alle vores brugere nogle bedre tjenester – lige fra at regne ud, hvilket sprog du taler, til mere komplicerede ting, f.eks. hvilke annoncer du finder mest nyttige, eller hvilke personer der betyder mest for dig på nettet.";"da"
"Vi indsamler disse oplysninger for at give alle vores brugere nogle bedre tjenester – lige fra at regne ud, hvilket sprog du taler, til mere komplicerede ting, f.eks. hvilke";"da"
"Vi indsamler disse oplysninger for at give alle vores brugere nogle bedre tjenester – lige fra at regne ud, hvilket sprog du taler, til mere komplicerede ting, f.eks. hvilke";"da"
"Vi indsamler disse oplysninger for at give alle vores brugere nogle bedre tjenester – lige fra at regne ud, hvilket sprog du taler, til mere komplicerede ting, f.eks. hvilke";"da"
"Vi indsamler disse oplysninger for at give alle vores brugere nogle bedre tjenester – lige fra at regne ud, hvilket sprog du taler, til mere komplicerede ting, f.eks. hvilke";"da"
"Vi indsamler disse oplysninger for at give alle vores brugere nogle bedre tjenester – lige fra at regne ud, hvilket sprog du taler, til mere komplicerede ting, f.eks. hvilke";"da"
"Vi indsamler disse oplysninger for at give alle vores brugere nogle bedre tjenester – lige fra at regne ud, hvilket sprog du taler, til mere komplicerede ting, f.eks. hvilke";"da"
"Vi indsamler disse oplysninger for at give alle vores brugere nogle bedre tjenester – lige fra at regne ud, hvilket sprog du taler, til mere komplicerede ting, f.eks. hvilke";"da"
"Vi indsamler disse oplysninger for at give alle vores brugere nogle bedre tjenester – lige fra at regne ud, hvilket sprog du taler, til mere komplicerede ting, f.eks. hvilke annoncer du finder mest nyttige, eller hvilke personer der betyder mest for dig på nettet.";"da"
"Vi indsamler disse oplysninger for at give alle vores brugere nogle bedre tjenester – lige fra at regne ud, hvilket sprog du taler, til mere komplicerede ting, f.eks. hvilke";"da"
"Vi indsamler disse oplysninger for at give alle vores brugere nogle bedre tjenester – lige fra at regne ud, hvilket sprog du taler, til mere komplicerede ting, f.eks. hvilke";"da"
"Vi indsamler disse oplysninger for at give alle vores brugere nogle bedre tjenester – lige fra at regne ud, hvilket sprog du taler, til mere komplicerede ting, f.eks. hvilke annoncer du finder mest nyttige, eller hvilke personer der betyder mest for dig på nettet.";"da"
"Vi indsamler disse oplysninger for at give alle vores brugere nogle bedre tjenester – lige fra at regne ud, hvilket sprog du taler, til mere komplicerede ting, f.eks. hvilke";"da"
"Vi indsamler disse oplysninger for at give alle vores brugere nogle bedre tjenester – lige fra at regne ud, hvilket sprog du taler, til mere komplicerede ting, f.eks. hvilke";"da"
"Vi indsamler disse oplysninger for at give alle vores brugere nogle bedre tjenester – lige fra at regne ud, hvilket sprog du taler, til mere komplicerede ting, f.eks. hvilke annoncer du finder mest nyttige, eller hvilke personer der betyder mest for dig på nettet.";"da"
"Vi indsamler disse oplysninger for at give alle vores brugere nogle bedre tjenester – lige fra at regne ud, hvilket sprog du taler, til mere komplicerede ting, f.eks. hvilke";"da"
"Coletamos informações para fornecer serviços melhores a todos os nossos usuários, desde descobrir coisas básicas, como o idioma que eles falam, até coisas mais complexas, como";"pt"
"Coletamos informações para fornecer serviços melhores a todos nossos usuários – desde descobrir coisas básicas, como o idioma que você fala, até coisas mais complexas, como os anúncios que você achará mais úteis ou as pessoas on-line que são mais importantes para você.";"pt"
"Coletamos informações para fornecer serviços melhores a todos os nossos usuários, desde descobrir coisas básicas, como o idioma que eles falam, até coisas mais complexas, como";"pt"
"Coletamos informações para fornecer serviços melhores a todos os nossos usuários, desde descobrir coisas básicas, como o idioma que eles falam, até coisas mais complexas, como";"pt"
"Coletamos informações para fornecer serviços melhores a todos os nossos usuários, desde descobrir coisas básicas, como o idioma que eles falam, até coisas mais complexas, como";"pt"
"Coletamos informações para fornecer serviços melhores a todos os nossos usuários, desde descobrir coisas básicas, como o idioma que eles falam, até coisas mais complexas, como";"pt"
"Coletamos informações para fornecer serviços melhores a todos os nossos usuários, desde descobrir coisas básicas, como o idioma que eles falam, até coisas mais complexas, como";"pt"
"Coletamos informações para fornecer serviços melhores a todos nossos usuários – desde descobrir coisas básicas, como o idioma que você fala, até coisas mais complexas, como os anúncios que você achará mais úteis ou as pessoas on-line que são mais importantes para você.";"pt"
"Coletamos informações para fornecer serviços melhores a todos os nossos usuários, desde descobrir coisas básicas, como o idioma que eles falam, até coisas mais complexas, como";"pt"
"Coletamos informações para fornecer serviços melhores a todos nossos usuários – desde descobrir coisas básicas, como o idioma que você fala, até coisas mais complexas, como";"pt"
"Coletamos informações para fornecer serviços melhores a todos nossos usuários – desde descobrir coisas básicas, como o idioma que você fala, até coisas mais complexas, como os anúncios que você achará mais úteis ou as pessoas on-line que são mais importantes para você.";"pt"
"Coletamos informações para fornecer serviços melhores a todos nossos usuários – desde descobrir coisas básicas, como o idioma que você fala, até coisas mais complexas, como os anúncios que você achará mais úteis ou as pessoas on-line que são mais importantes para você.";"pt"
"Coletamos informações para fornecer serviços melhores a todos os nossos usuários, desde descobrir coisas básicas, como o idioma que eles falam, até coisas mais complexas, como";"pt"
"Coletamos informações para fornecer serviços melhores a todos os nossos usuários, desde descobrir coisas básicas, como o idioma que eles falam, até coisas mais complexas, como";"pt"
"Coletamos informações para fornecer serviços melhores a todos os nossos usuários, desde descobrir coisas básicas, como o idioma que eles falam, até coisas mais complexas, como";"pt"
"Coletamos informações para fornecer serviços melhores a todos os nossos usuários, desde descobrir coisas básicas, como o idioma que eles falam, até coisas mais complexas, como";"pt"
"Coletamos informações para fornecer serviços melhores a todos os nossos usuários, desde descobrir coisas básicas, como o idioma que eles falam, até coisas mais complexas, como";"pt"
"Raccogliamo dati per offrire servizi migliori a tutti i nostri utenti, ad esempio per capire elementi fondamentali come la lingua parlata dall'utente oppure elementi più complessi come quali";"it"
"Raccogliamo dati per offrire servizi migliori a tutti i nostri utenti, ad esempio per capire elementi fondamentali come la lingua parlata dall'utente oppure elementi più complessi come quali";"it"
"Raccogliamo dati per offrire servizi migliori a tutti i nostri utenti, ad esempio per capire elementi fondamentali come la lingua parlata dall'utente oppure elementi più complessi come quali";"it"
"Raccogliamo dati per offrire servizi migliori a tutti i nostri utenti, ad esempio per capire elementi fondamentali come la lingua parlata dall'utente oppure elementi più complessi come quali";"it"
"Raccogliamo dati per offrire servizi migliori a tutti i nostri utenti, ad esempio per capire elementi fondamentali come la lingua parlata dall’utente oppure elementi più complessi come quali annunci potrebbero essere più utili per l’utente o le persone che potrebbero interessare di più all’utente online.";"it"
"Raccogliamo dati per offrire servizi migliori a tutti i nostri utenti, ad esempio per capire elementi fondamentali come la lingua parlata dall'utente oppure elementi più complessi come quali";"it"
"Raccogliamo dati per offrire servizi migliori a tutti i nostri utenti, ad esempio per capire elementi fondamentali come la lingua parlata dall’utente oppure elementi più complessi come quali annunci potrebbero essere più utili per l’utente o le persone che potrebbero interessare di più all’utente online.";"it"
"Raccogliamo dati per offrire servizi migliori a tutti i nostri utenti, ad esempio per capire elementi fondamentali come la lingua parlata dall’utente oppure elementi più complessi come quali annunci potrebbero essere più utili per l’utente o le persone che potrebbero interessare di più all’utente online.";"it"
"Raccogliamo dati per offrire servizi migliori a tutti i nostri utenti, ad esempio per capire elementi fondamentali come la lingua parlata dall'utente oppure elementi più complessi come quali";"it"
"Raccogliamo dati per offrire servizi migliori a tutti i nostri utenti, ad esempio per capire elementi fondamentali come la lingua parlata dall’utente oppure elementi più complessi come quali annunci potrebbero essere più utili per l’utente o le persone che potrebbero interessare di più all’utente online.";"it"
"Raccogliamo dati per offrire servizi migliori a tutti i nostri utenti, ad esempio per capire elementi fondamentali come la lingua parlata dall'utente oppure elementi più complessi come quali";"it"
"Raccogliamo dati per offrire servizi migliori a tutti i nostri utenti, ad esempio per capire elementi fondamentali come la lingua parlata dall'utente oppure elementi più complessi come quali";"it"
"Raccogliamo dati per offrire servizi migliori a tutti i nostri utenti, ad esempio per capire elementi fondamentali come la lingua parlata dall'utente oppure elementi più complessi come quali";"it"
"Raccogliamo dati per offrire servizi migliori a tutti i nostri utenti, ad esempio per capire elementi fondamentali come la lingua parlata dall'utente oppure elementi più complessi come quali";"it"
"Raccogliamo dati per offrire servizi migliori a tutti i nostri utenti, ad esempio per capire elementi fondamentali come la lingua parlata dall'utente oppure elementi più complessi come quali";"it"
"Raccogliamo dati per offrire servizi migliori a tutti i nostri utenti, ad esempio per capire elementi fondamentali come la lingua parlata dall'utente oppure elementi più complessi come quali";"it"
"Raccogliamo dati per offrire servizi migliori a tutti i nostri utenti, ad esempio per capire elementi fondamentali come la lingua parlata dall'utente oppure elementi più complessi come quali";"it"
"Recopilamos información para ofrecer mejores servicios a todos nuestros usuarios: desde determinar información básica, como el idioma que hablas, hasta datos más complejos, como";"es"
"Recopilamos información para ofrecer mejores servicios a todos nuestros usuarios: desde determinar información básica, como el idioma que hablas, hasta datos más complejos, como";"es"
"Recopilamos información para ofrecer mejores servicios a todos nuestros usuarios: desde determinar información básica, como el idioma que hablas, hasta datos más complejos, como";"es"
"La recogida de datos se realiza para mejorar el servicio que ofrecemos a todos nuestros usuarios (desde aspectos básicos como deducir el idioma que hablan hasta aspectos más complejos como determinar qué anuncios les puedan resultar más útiles o qué usuarios son más importantes para ellos en la Web).";"es"
"Recopilamos información para ofrecer mejores servicios a todos nuestros usuarios: desde determinar información básica, como el idioma que hablas, hasta datos más complejos, como";"es"
"Recopilamos información para ofrecer mejores servicios a todos nuestros usuarios: desde determinar información básica, como el idioma que hablas, hasta datos más complejos, como";"es"
"Recopilamos información para ofrecer mejores servicios a todos nuestros usuarios: desde determinar información básica, como el idioma que hablas, hasta datos más complejos, como";"es"
"La recogida de datos se realiza para mejorar el servicio que ofrecemos a todos nuestros usuarios (desde aspectos básicos como deducir el idioma que hablan hasta aspectos más complejos como determinar qué anuncios les puedan resultar más útiles o qué usuarios son más importantes para ellos en la Web).";"es"
"Recopilamos información para ofrecer mejores servicios a todos nuestros usuarios: desde determinar información básica, como el idioma que hablas, hasta datos más complejos, como";"es"
"Recopilamos información para ofrecer mejores servicios a todos nuestros usuarios: desde determinar información básica, como el idioma que hablas, hasta datos más complejos, como";"es"
"Recopilamos información para ofrecer mejores servicios a todos nuestros usuarios: desde determinar información básica, como el idioma que hablas, hasta datos más complejos, como";"es"
"La recogida de datos se realiza para mejorar el servicio que ofrecemos a todos nuestros usuarios (desde aspectos básicos como deducir el idioma que hablan hasta aspectos más complejos como determinar qué anuncios les puedan resultar más útiles o qué usuarios son más importantes para ellos en la Web).";"es"
"Recopilamos información para ofrecer mejores servicios a todos nuestros usuarios: desde determinar información básica, como el idioma que hablas, hasta datos más complejos, como";"es"
"La recogida de datos se realiza para mejorar el servicio que ofrecemos a todos nuestros usuarios (desde aspectos básicos como deducir el idioma que hablan hasta aspectos más complejos como determinar qué anuncios les puedan resultar más útiles o qué usuarios son más importantes para ellos en la Web).";"es"
"Recopilamos información para ofrecer mejores servicios a todos nuestros usuarios: desde determinar información básica, como el idioma que hablas, hasta datos más complejos, como";"es"
"Recopilamos información para ofrecer mejores servicios a todos nuestros usuarios: desde determinar información básica, como el idioma que hablas, hasta datos más complejos, como";"es"
"Recopilamos información para ofrecer mejores servicios a todos nuestros usuarios: desde determinar información básica, como el idioma que hablas, hasta datos más complejos, como";"es"
"Les données que nous collectons servent à améliorer les services proposés aux utilisateurs. Il peut s’agir de données de base, telle que la langue que vous utilisez, ou de données plus complexes comme les annonces que vous trouvez les plus utiles ou les personnes qui vous intéressent le plus sur le Web.";"fr"
"Les informations que nous collectons servent à améliorer les services proposés à tous nos utilisateurs. Il peut s'agir d'informations de base, telles que la langue que vous utilisez, ou plus complexes, comme les";"fr"
"Les informations que nous collectons servent à améliorer les services proposés à tous nos utilisateurs. Il peut s'agir d'informations de base, telles que la langue que vous utilisez, ou plus complexes, comme les";"fr"
"Les informations que nous collectons servent à améliorer les services proposés à tous nos utilisateurs. Il peut s'agir d'informations de base, telles que la langue que vous utilisez, ou plus complexes, comme les";"fr"
"Les informations que nous collectons servent à améliorer les services proposés à tous nos utilisateurs. Il peut s'agir d'informations de base, telles que la langue que vous utilisez, ou plus complexes, comme les";"fr"
"Les informations que nous collectons servent à améliorer les services proposés à tous nos utilisateurs. Il peut s'agir d'informations de base, telles que la langue que vous utilisez, ou plus complexes, comme les";"fr"
"Les informations que nous collectons servent à améliorer les services proposés à tous nos utilisateurs. Il peut s'agir d'informations de base, telles que la langue que vous utilisez, ou plus complexes, comme les";"fr"
"Les informations que nous collectons servent à améliorer les services proposés à tous nos utilisateurs. Il peut s'agir d'informations de base, telles que la langue que vous utilisez, ou plus complexes, comme les";"fr"
"Les informations que nous collectons servent à améliorer les services proposés à tous nos utilisateurs. Il peut s'agir d'informations de base, telles que la langue que vous utilisez, ou plus complexes, comme les";"fr"
"Les informations que nous collectons servent à améliorer les services proposés à tous nos utilisateurs. Il peut s'agir d'informations de base, telles que la langue que vous utilisez, ou plus complexes, comme les";"fr"
"Les informations que nous collectons servent à améliorer les services proposés à tous nos utilisateurs. Il peut s'agir d'informations de base, telles que la langue que vous utilisez, ou plus complexes, comme les";"fr"
"Les données que nous collectons servent à améliorer les services proposés aux utilisateurs. Il peut s’agir de données de base, telle que la langue que vous utilisez, ou de données plus complexes comme les annonces que vous trouvez les plus utiles ou les personnes qui vous intéressent le plus sur le Web.";"fr"
"Les données que nous collectons servent à améliorer les services proposés aux utilisateurs. Il peut s’agir de données de base, telle que la langue que vous utilisez, ou de données plus complexes comme les annonces que vous trouvez les plus utiles ou les personnes qui vous intéressent le plus sur le Web.";"fr"
"Les informations que nous collectons servent à améliorer les services proposés à tous nos utilisateurs. Il peut s'agir d'informations de base, telles que la langue que vous utilisez, ou plus complexes, comme les";"fr"
"Les informations que nous collectons servent à améliorer les services proposés à tous nos utilisateurs. Il peut s'agir d'informations de base, telles que la langue que vous utilisez, ou plus complexes, par exemple les";"fr"
"Les données que nous collectons servent à améliorer les services proposés aux utilisateurs. Il peut s’agir de données de base, telle que la langue que vous utilisez, ou de données plus complexes comme les annonces que vous trouvez les plus utiles ou les personnes qui vous intéressent le plus sur le Web.";"fr"
"Les informations que nous collectons servent à améliorer les services proposés à tous nos utilisateurs. Il peut s'agir d'informations de base, telles que la langue que vous utilisez, ou plus complexes, comme les";"fr"
"Συλλέγουμε στοιχεία, για να παρέχουμε καλύτερες υπηρεσίες σε όλους τους χρήστες μας. Αυτά αφορούν στην ανίχνευση βασικών πληροφοριών, όπως της γλώσσας ομιλίας σας, μέχρι στον εντοπισμό πιο σύνθετων πραγμάτων, όπως των";"el"
"Συλλέγουμε στοιχεία για να προσφέρουμε καλύτερες υπηρεσίες σε όλους τους χρήστες μας, από την ανίχνευση βασικών στοιχείων, όπως είναι η γλώσσα σας, μέχρι πιο σύνθετα στοιχεία, όπως είναι οι";"el"
"Συλλέγουμε στοιχεία, για να παρέχουμε καλύτερες υπηρεσίες σε όλους τους χρήστες μας. Αυτά αφορούν στην ανίχνευση βασικών πληροφοριών, όπως της γλώσσας ομιλίας σας, μέχρι στον εντοπισμό πιο σύνθετων πραγμάτων, όπως των";"el"
"Συλλέγουμε στοιχεία, για να παρέχουμε καλύτερες υπηρεσίες σε όλους τους χρήστες μας. Αυτά αφορούν στην ανίχνευση βασικών πληροφοριών, όπως της γλώσσας ομιλίας σας, μέχρι στον εντοπισμό πιο σύνθετων πραγμάτων, όπως των";"el"
"Συλλέγουμε στοιχεία, για να παρέχουμε καλύτερες υπηρεσίες σε όλους τους χρήστες μας. Αυτά αφορούν στην ανίχνευση βασικών πληροφοριών, όπως της γλώσσας ομιλίας σας, μέχρι στον εντοπισμό πιο σύνθετων πραγμάτων, όπως των";"el"
"Συλλέγουμε στοιχεία για να προσφέρουμε καλύτερες υπηρεσίες σε όλους τους χρήστες μας, από την ανίχνευση βασικών στοιχείων, όπως είναι η γλώσσα σας, μέχρι πιο σύνθετα στοιχεία, όπως είναι οι διαφημίσεις τις οποίες θεωρείτε περισσότερο χρήσιμες ή τα άτομα που είναι πιο σημαντικά για εσάς, στο διαδίκτυο.";"el"
"Συλλέγουμε στοιχεία, για να παρέχουμε καλύτερες υπηρεσίες σε όλους τους χρήστες μας. Αυτά αφορούν στην ανίχνευση βασικών πληροφοριών, όπως της γλώσσας ομιλίας σας, μέχρι στον εντοπισμό πιο σύνθετων πραγμάτων, όπως των";"el"
"Συλλέγουμε στοιχεία, για να παρέχουμε καλύτερες υπηρεσίες σε όλους τους χρήστες μας. Αυτά αφορούν στην ανίχνευση βασικών πληροφοριών, όπως της γλώσσας ομιλίας σας, μέχρι στον εντοπισμό πιο σύνθετων πραγμάτων, όπως των";"el"
"Συλλέγουμε στοιχεία, για να παρέχουμε καλύτερες υπηρεσίες σε όλους τους χρήστες μας. Αυτά αφορούν στην ανίχνευση βασικών πληροφοριών, όπως της γλώσσας ομιλίας σας, μέχρι στον εντοπισμό πιο σύνθετων πραγμάτων, όπως των";"el"
"Συλλέγουμε στοιχεία για να προσφέρουμε καλύτερες υπηρεσίες σε όλους τους χρήστες μας, από την ανίχνευση βασικών στοιχείων, όπως είναι η γλώσσα σας, μέχρι πιο σύνθετα στοιχεία, όπως είναι οι διαφημίσεις τις οποίες θεωρείτε περισσότερο χρήσιμες ή τα άτομα που είναι πιο σημαντικά για εσάς, στο διαδίκτυο.";"el"
"Συλλέγουμε στοιχεία για να προσφέρουμε καλύτερες υπηρεσίες σε όλους τους χρήστες μας, από την ανίχνευση βασικών στοιχείων, όπως είναι η γλώσσα σας, μέχρι πιο σύνθετα στοιχεία, όπως είναι οι διαφημίσεις τις οποίες θεωρείτε περισσότερο χρήσιμες ή τα άτομα που είναι πιο σημαντικά για εσάς, στο διαδίκτυο.";"el"
"Συλλέγουμε στοιχεία, για να παρέχουμε καλύτερες υπηρεσίες σε όλους τους χρήστες μας. Αυτά αφορούν στην ανίχνευση βασικών πληροφοριών, όπως της γλώσσας ομιλίας σας, μέχρι στον εντοπισμό πιο σύνθετων πραγμάτων, όπως των";"el"
"Συλλέγουμε στοιχεία, για να παρέχουμε καλύτερες υπηρεσίες σε όλους τους χρήστες μας. Αυτά αφορούν στην ανίχνευση βασικών πληροφοριών, όπως της γλώσσας ομιλίας σας, μέχρι στον εντοπισμό πιο σύνθετων πραγμάτων, όπως των";"el"
"Συλλέγουμε στοιχεία, για να παρέχουμε καλύτερες υπηρεσίες σε όλους τους χρήστες μας. Αυτά αφορούν στην ανίχνευση βασικών πληροφοριών, όπως της γλώσσας ομιλίας σας, μέχρι στον εντοπισμό πιο σύνθετων πραγμάτων, όπως των";"el"
"Συλλέγουμε στοιχεία για να προσφέρουμε καλύτερες υπηρεσίες σε όλους τους χρήστες μας, από την ανίχνευση βασικών στοιχείων, όπως είναι η γλώσσα σας, μέχρι πιο σύνθετα στοιχεία, όπως είναι οι διαφημίσεις τις οποίες θεωρείτε περισσότερο χρήσιμες ή τα άτομα που είναι πιο σημαντικά για εσάς, στο διαδίκτυο.";"el"
"Συλλέγουμε στοιχεία, για να παρέχουμε καλύτερες υπηρεσίες σε όλους τους χρήστες μας. Αυτά αφορούν στην ανίχνευση βασικών πληροφοριών, όπως της γλώσσας ομιλίας σας, μέχρι στον εντοπισμό πιο σύνθετων πραγμάτων, όπως των";"el"
"Συλλέγουμε στοιχεία, για να παρέχουμε καλύτερες υπηρεσίες σε όλους τους χρήστες μας. Αυτά αφορούν στην ανίχνευση βασικών πληροφοριών, όπως της γλώσσας ομιλίας σας, μέχρι στον εντοπισμό πιο σύνθετων πραγμάτων, όπως των";"el"